Workbook

Sheet Instrucciones
B2: Plantilla KPI Comercial - Cumplimiento por Canal y Consultor (RSM)
B4: Como usar esta plantilla
B6: 1. Abra la hoja 'Datos KPI' y llene UNICAMENTE las celdas en AMARILLO (texto azul): Consultor (RSM), Zona, Order Intake YTD, Ventas (Sales) YTD, Presupuesto (Budget) YTD Paneles y Backlog actual, para cada canal (Paneles / Otros).
B8: 2. Las columnas en GRIS (% Cumplimiento, Order Intake Total, Ventas Total, Backlog Total, Book-to-Bill y Estado) se calculan solas con formulas: no las edite a mano.
B10: 3. Ya se incluyen 5 filas de ejemplo con datos reales de un periodo YTD y 3 filas en blanco listas para agregar nuevos consultores; si necesita mas filas, inserte filas nuevas ARRIBA de la fila 'TOTAL GENERAL' y copie el formato/formulas de la fila anterior.
B12: 4. La fila 'TOTAL GENERAL' suma automaticamente toda la tabla y calcula el % de cumplimiento y el Book-to-Bill consolidados.
B14: 5. El 'Estado' de cada consultor se calcula asi sobre el % de cumplimiento de presupuesto (Paneles): CUMPLE >= 100%, EN RIESGO entre 80% y 99%, BAJO < 80%. Los colores (verde/amarillo/rojo) se aplican solos con formato condicional.
B16: 6. La hoja 'Dashboard' muestra el resumen ejecutivo (tarjetas KPI) y 5 graficos que se actualizan automaticamente al llenar 'Datos KPI': Order Intake vs Ventas vs Presupuesto, % Cumplimiento por consultor (con meta de 100%), participacion de Ventas por Zona, Backlog por consultor y Book-to-Bill (con meta de 1.0x).
B18: 7. Si agrega consultores en filas nuevas y quiere que aparezcan en los graficos, amplie el rango de datos de cada grafico en la hoja 'Dashboard' (clic derecho sobre el grafico > Seleccionar datos).
B20: 8. Guarde el archivo con Excel o LibreOffice para que las formulas queden calculadas.
B23: Convenciones de color
C25: Celda de entrada: dato que usted debe llenar cada periodo.
C26: Celda calculada: contiene formula, no editar.
C27: Cumple la meta (>= 100% del presupuesto).
C28: En riesgo (entre 80% y 99% del presupuesto).
C29: Bajo cumplimiento (< 80% del presupuesto).

Sheet Datos KPI
B2: Cumplimiento y Performance Comercial por Canal y Consultor (RSM)
B3: Periodo: | D3: YTD 2024
B5: Consultor de Ventas (RSM) | C5: Zona | D5: Order Intake YTD | F5: Ventas (Sales) YTD | H5: Presupuesto (Budget) YTD (Paneles) | I5: % Cumplimiento Presupuesto (Paneles) | J5: Backlog Actual | L5: Order Intake Total | M5: Ventas Total | N5: Backlog Total | O5: Book-to-Bill (Order Intake / Ventas) | P5: Estado | R5: Ref. graficos (no editar)
D6: Paneles | E6: Otros | F6: Paneles | G6: Otros | J6: Paneles | K6: Otros | R6: Meta 100% | S6: Meta 1.0x
B7: LOZANO TENORIO MARIA CAROLINA | C7: FRIO | D7: 31115 | E7: 13253 | F7: 50135 | G7: 24389 | H7: 50000 | I7: =IFERROR(F7/H7,0) | J7: 2360 | K7: 3815 | L7: =D7+E7 | M7: =F7+G7 | N7: =J7+K7 | O7: =IFERROR(L7/M7,0) | P7: =IF(B7="","",IF(I7>=1,"CUMPLE",IF(I7>=0.8,"EN RIESGO","BAJO"))) | R7: 1 | S7: 1
B8: URIBE JIMENEZ SANDRA MILENA | C8: OCCIDENTE | D8: 40564 | E8: 4875 | F8: 26224 | G8: 4800 | H8: 33000 | I8: =IFERROR(F8/H8,0) | J8: 20570 | K8: 687 | L8: =D8+E8 | M8: =F8+G8 | N8: =J8+K8 | O8: =IFERROR(L8/M8,0) | P8: =IF(B8="","",IF(I8>=1,"CUMPLE",IF(I8>=0.8,"EN RIESGO","BAJO"))) | R8: 1 | S8: 1
B9: GUERRERO ESPINOSA JULIO CESAR | C9: CENTRO | D9: 14375 | E9: 1427 | F9: 10524 | G9: 420 | H9: 17000 | I9: =IFERROR(F9/H9,0) | J9: 5233 | K9: 487 | L9: =D9+E9 | M9: =F9+G9 | N9: =J9+K9 | O9: =IFERROR(L9/M9,0) | P9: =IF(B9="","",IF(I9>=1,"CUMPLE",IF(I9>=0.8,"EN RIESGO","BAJO"))) | R9: 1 | S9: 1
B10: RUGE PEREZ DANIEL FELIPE | C10: NORTE | D10: 9896 | E10: 18701 | F10: 6761 | G10: 20094 | H10: 12000 | I10: =IFERROR(F10/H10,0) | J10: 3030 | K10: 90 | L10: =D10+E10 | M10: =F10+G10 | N10: =J10+K10 | O10: =IFERROR(L10/M10,0) | P10: =IF(B10="","",IF(I10>=1,"CUMPLE",IF(I10>=0.8,"EN RIESGO","BAJO"))) | R10: 1 | S10: 1
B11: CALDERON CHANTRE DIEGO ALFONSO | C11: SUR | D11: 25951 | E11: 12665 | F11: 8664 | G11: 7747 | H11: 15000 | I11: =IFERROR(F11/H11,0) | J11: 17174 | K11: 5445 | L11: =D11+E11 | M11: =F11+G11 | N11: =J11+K11 | O11: =IFERROR(L11/M11,0) | P11: =IF(B11="","",IF(I11>=1,"CUMPLE",IF(I11>=0.8,"EN RIESGO","BAJO"))) | R11: 1 | S11: 1
I12: =IFERROR(F12/H12,0) | L12: =D12+E12 | M12: =F12+G12 | N12: =J12+K12 | O12: =IFERROR(L12/M12,0) | P12: =IF(B12="","",IF(I12>=1,"CUMPLE",IF(I12>=0.8,"EN RIESGO","BAJO")))
I13: =IFERROR(F13/H13,0) | L13: =D13+E13 | M13: =F13+G13 | N13: =J13+K13 | O13: =IFERROR(L13/M13,0) | P13: =IF(B13="","",IF(I13>=1,"CUMPLE",IF(I13>=0.8,"EN RIESGO","BAJO")))
I14: =IFERROR(F14/H14,0) | L14: =D14+E14 | M14: =F14+G14 | N14: =J14+K14 | O14: =IFERROR(L14/M14,0) | P14: =IF(B14="","",IF(I14>=1,"CUMPLE",IF(I14>=0.8,"EN RIESGO","BAJO")))
B15: TOTAL GENERAL | D15: =SUM(D7:D14) | E15: =SUM(E7:E14) | F15: =SUM(F7:F14) | G15: =SUM(G7:G14) | H15: =SUM(H7:H14) | I15: =IFERROR(F15/H15,0) | J15: =SUM(J7:J14) | K15: =SUM(K7:K14) | L15: =SUM(L7:L14) | M15: =SUM(M7:M14) | N15: =SUM(N7:N14) | O15: =IFERROR(L15/M15,0)

Sheet Dashboard
B2: Dashboard KPI Comercial - Cumplimiento y Performance
B3: ='Datos KPI'!D3
B5: Ventas Total YTD | D5: Presupuesto Total (Paneles) | F5: % Cumplimiento Global | H5: Backlog Total | J5: Book-to-Bill Global
B6: ='Datos KPI'!M15 | D6: ='Datos KPI'!H15 | F6: ='Datos KPI'!I15 | H6: ='Datos KPI'!N15 | J6: ='Datos KPI'!O15
